"SPE号","ATM数据","百分比","适配层/百分比例","VPI/VCI","承载格式","协议/端口","比例","主要IP","主要用户"
"STM-1 SPE(155M)","有效数据","AAL数量: 335987296字节, 比例: 1.23%","AAL1数量: 228144000字节, 比例: 67.90%","0000: 015B","(2013-1-1)AAL1的单时隙(带CAS)信号承载话音类型PCM U律",""," 数量：10853376字节, 比例：4.51%","",""
"STM-1 SPE(155M)","有效数据","AAL数量: 335987296字节, 比例: 1.23%","AAL1数量: 228144000字节, 比例: 67.90%","0000: 0154","(2013-1-1)AAL1的单时隙(带CAS)信号承载话音类型PCM U律",""," 数量：10828800字节, 比例：4.50%","",""
"STM-1 SPE(155M)","有效数据","AAL数量: 335987296字节, 比例: 1.23%","AAL1数量: 228144000字节, 比例: 67.90%","0000: 0160","(2013-1-1)AAL1的单时隙(带CAS)信号承载话音类型PCM U律",""," 数量：10850304字节, 比例：4.51%","",""
"STM-1 SPE(155M)","有效数据","AAL数量: 335987296字节, 比例: 1.23%","AAL1数量: 228144000字节, 比例: 67.90%","0000: 0159","(2013-1-1)AAL1的单时隙(带CAS)信号承载话音类型PCM U律",""," 数量：10853376字节, 比例：4.51%","",""
"STM-1 SPE(155M)","有效数据","AAL数量: 335987296字节, 比例: 1.23%","AAL1数量: 228144000字节, 比例: 67.90%","0000: 0152","(2013-1-1)AAL1的单时隙(带CAS)信号承载话音类型PCM U律",""," 数量：10810368字节, 比例：4.49%","",""
"STM-1 SPE(155M)","有效数据","AAL数量: 335987296字节, 比例: 1.23%","AAL1数量: 228144000字节, 比例: 67.90%","0000: 015E","(2013-1-1)AAL1的单时隙(带CAS)信号承载话音类型PCM U律",""," 数量：10838016字节, 比例：4.50%","",""
"STM-1 SPE(155M)","有效数据","AAL数量: 335987296字节, 比例: 1.23%","AAL1数量: 228144000字节, 比例: 67.90%","0000: 015C","(2013-1-1)AAL1的单时隙(带CAS)信号承载话音类型PCM U律",""," 数量：10899456字节, 比例：4.53%","",""
"STM-1 SPE(155M)","有效数据","AAL数量: 335987296字节, 比例: 1.23%","AAL1数量: 228144000字节, 比例: 67.90%","0000: 0158","(2013-1-1)AAL1的单时隙(带CAS)信号承载话音类型PCM U律",""," 数量：10862592字节, 比例：4.51%","",""
"STM-1 SPE(155M)","有效数据","AAL数量: 335987296字节, 比例: 1.23%","AAL1数量: 228144000字节, 比例: 67.90%","0000: 0153","(2013-1-1)AAL1的单时隙(带CAS)信号承载话音类型PCM U律",""," 数量：10819584字节, 比例：4.50%","",""
"STM-1 SPE(155M)","有效数据","AAL数量: 335987296字节, 比例: 1.23%","AAL1数量: 228144000字节, 比例: 67.90%","0000: 015A","(2013-1-1)AAL1的单时隙(带CAS)信号承载话音类型PCM U律",""," 数量：10834944字节, 比例：4.50%","",""
"STM-1 SPE(155M)","有效数据","AAL数量: 335987296字节, 比例: 1.23%","AAL1数量: 228144000字节, 比例: 67.90%","0000: 015F","(2013-1-1)AAL1的单时隙(带CAS)信号承载话音类型PCM U律",""," 数量：10810368字节, 比例：4.49%","",""
"STM-1 SPE(155M)","有效数据","AAL数量: 335987296字节, 比例: 1.23%","AAL1数量: 228144000字节, 比例: 67.90%","0000: 0156","(2013-1-1)AAL1的单时隙(带CAS)信号承载话音类型PCM U律",""," 数量：10816512字节, 比例：4.50%","",""
"STM-1 SPE(155M)","有效数据","AAL数量: 335987296字节, 比例: 1.23%","AAL1数量: 228144000字节, 比例: 67.90%","0000: 0157","(2013-1-1)AAL1的单时隙(带CAS)信号承载话音类型PCM U律",""," 数量：10816512字节, 比例：4.50%","",""
"STM-1 SPE(155M)","有效数据","AAL数量: 335987296字节, 比例: 1.23%","AAL1数量: 228144000字节, 比例: 67.90%","0000: 015D","(2013-1-1)AAL1的单时隙(带CAS)信号承载话音类型PCM U律",""," 数量：10819584字节, 比例：4.50%","",""
"STM-1 SPE(155M)","有效数据","AAL数量: 335987296字节, 比例: 1.23%","AAL1数量: 228144000字节, 比例: 67.90%","0000: 0155","(2013-1-1)AAL1的单时隙(带CAS)信号承载话音类型PCM U律",""," 数量：10871808字节, 比例：4.52%","",""
"STM-1 SPE(155M)","有效数据","AAL数量: 335987296字节, 比例: 1.23%","AAL1数量: 228144000字节, 比例: 67.90%","0000: 015B","(2013-1-1)AAL1的单时隙(带CAS)信号承载话音类型PCM U律",""," 数量：10853376字节, 比例：4.51%","",""
"STM-1 SPE(155M)","有效数据","AAL数量: 335987296字节, 比例: 1.23%","AAL1数量: 228144000字节, 比例: 67.90%","0000: 0154","(2013-1-1)AAL1的单时隙(带CAS)信号承载话音类型PCM U律",""," 数量：10828800字节, 比例：4.50%","",""
"STM-1 SPE(155M)","有效数据","AAL数量: 335987296字节, 比例: 1.23%","AAL1数量: 228144000字节, 比例: 67.90%","0000: 0160","(2013-1-1)AAL1的单时隙(带CAS)信号承载话音类型PCM U律",""," 数量：10850304字节, 比例：4.51%","",""
"STM-1 SPE(155M)","有效数据","AAL数量: 335987296字节, 比例: 1.23%","AAL1数量: 228144000字节, 比例: 67.90%","0000: 0159","(2013-1-1)AAL1的单时隙(带CAS)信号承载话音类型PCM U律",""," 数量：10853376字节, 比例：4.51%","",""
"STM-1 SPE(155M)","有效数据","AAL数量: 335987296字节, 比例: 1.23%","AAL1数量: 228144000字节, 比例: 67.90%","0000: 0152","(2013-1-1)AAL1的单时隙(带CAS)信号承载话音类型PCM U律",""," 数量：10810368字节, 比例：4.49%","",""
"STM-1 SPE(155M)","有效数据","AAL数量: 335987296字节, 比例: 1.23%","AAL1数量: 228144000字节, 比例: 67.90%","0000: 015E","(2013-1-1)AAL1的单时隙(带CAS)信号承载话音类型PCM U律",""," 数量：10838016字节, 比例：4.50%","",""
"STM-1 SPE(155M)","有效数据","AAL数量: 335987296字节, 比例: 1.23%","AAL1数量: 228144000字节, 比例: 67.90%","0000: 015C","(2013-1-1)AAL1的单时隙(带CAS)信号承载话音类型PCM U律",""," 数量：10899456字节, 比例：4.53%","",""
"STM-1 SPE(155M)","有效数据","AAL数量: 335987296字节, 比例: 1.23%","AAL1数量: 228144000字节, 比例: 67.90%","0000: 0158","(2013-1-1)AAL1的单时隙(带CAS)信号承载话音类型PCM U律",""," 数量：10862592字节, 比例：4.51%","",""
"STM-1 SPE(155M)","有效数据","AAL数量: 335987296字节, 比例: 1.23%","AAL1数量: 228144000字节, 比例: 67.90%","0000: 0153","(2013-1-1)AAL1的单时隙(带CAS)信号承载话音类型PCM U律",""," 数量：10819584字节, 比例：4.50%","",""
"STM-1 SPE(155M)","有效数据","AAL数量: 335987296字节, 比例: 1.23%","AAL1数量: 228144000字节, 比例: 67.90%","0000: 015A","(2013-1-1)AAL1的单时隙(带CAS)信号承载话音类型PCM U律",""," 数量：10834944字节, 比例：4.50%","",""
"STM-1 SPE(155M)","有效数据","AAL数量: 335987296字节, 比例: 1.23%","AAL1数量: 228144000字节, 比例: 67.90%","0000: 015F","(2013-1-1)AAL1的单时隙(带CAS)信号承载话音类型PCM U律",""," 数量：10810368字节, 比例：4.49%","",""
"STM-1 SPE(155M)","有效数据","AAL数量: 335987296字节, 比例: 1.23%","AAL1数量: 228144000字节, 比例: 67.90%","0000: 0156","(2013-1-1)AAL1的单时隙(带CAS)信号承载话音类型PCM U律",""," 数量：10816512字节, 比例：4.50%","",""
"STM-1 SPE(155M)","有效数据","AAL数量: 335987296字节, 比例: 1.23%","AAL1数量: 228144000字节, 比例: 67.90%","0000: 0157","(2013-1-1)AAL1的单时隙(带CAS)信号承载话音类型PCM U律",""," 数量：10816512字节, 比例：4.50%","",""
"STM-1 SPE(155M)","有效数据","AAL数量: 335987296字节, 比例: 1.23%","AAL1数量: 228144000字节, 比例: 67.90%","0000: 015D","(2013-1-1)AAL1的单时隙(带CAS)信号承载话音类型PCM U律",""," 数量：10819584字节, 比例：4.50%","",""
"STM-1 SPE(155M)","有效数据","AAL数量: 335987296字节, 比例: 1.23%","AAL1数量: 228144000字节, 比例: 67.90%","0000: 0155","(2013-1-1)AAL1的单时隙(带CAS)信号承载话音类型PCM U律",""," 数量：10871808字节, 比例：4.52%","",""
"STM-1 SPE(155M)","有效数据","AAL数量: 335987296字节, 比例: 1.23%","AAL1数量: 228144000字节, 比例: 67.90%","0000: 0158","(2013-1-14)AAL1的单时隙(带CAS)信号承载话音类型PCM U律",""," 数量：212579328字节, 比例：5.92%","",""
"STM-1 SPE(155M)","有效数据","AAL数量: 335987296字节, 比例: 1.23%","AAL1数量: 228144000字节, 比例: 67.90%","0000: 015D","(2013-1-14)AAL1的单时隙(带CAS)信号承载VBD类型",""," 数量：295173120字节, 比例：8.22%","",""
"STM-1 SPE(155M)","有效数据","AAL数量: 335987296字节, 比例: 1.23%","AAL1数量: 228144000字节, 比例: 67.90%","0000: 0157","(2013-1-14)AAL1的单时隙(带CAS)信号承载话音类型PCM U律",""," 数量：212889600字节, 比例：5.93%","",""
"STM-1 SPE(155M)","有效数据","AAL数量: 335987296字节, 比例: 1.23%","AAL1数量: 228144000字节, 比例: 67.90%","0000: 015F","(2013-1-14)AAL1的单时隙(带CAS)信号承载话音类型PCM U律",""," 数量：344404992字节, 比例：9.59%","",""
"STM-1 SPE(155M)","有效数据","AAL数量: 335987296字节, 比例: 1.23%","AAL1数量: 228144000字节, 比例: 67.90%","0000: 015C","(2013-1-14)AAL1的单时隙(带CAS)信号承载话音类型PCM U律",""," 数量：213006336字节, 比例：5.93%","",""
"STM-1 SPE(155M)","有效数据","AAL数量: 335987296字节, 比例: 1.23%","AAL1数量: 228144000字节, 比例: 67.90%","0000: 0160","(2013-1-14)AAL1的单时隙(带CAS)信号承载话音类型PCM U律",""," 数量：212877312字节, 比例：5.93%","",""
"STM-1 SPE(155M)","有效数据","AAL数量: 335987296字节, 比例: 1.23%","AAL1数量: 228144000字节, 比例: 67.90%","0000: 015B","(2013-1-14)AAL1的单时隙(带CAS)信号承载话音类型PCM U律",""," 数量：210041856字节, 比例：5.85%","",""
"STM-1 SPE(155M)","有效数据","AAL数量: 335987296字节, 比例: 1.23%","AAL1数量: 228144000字节, 比例: 67.90%","0000: 0159","(2013-1-14)AAL1的单时隙(带CAS)信号承载话音类型PCM U律",""," 数量：211319808字节, 比例：5.89%","",""
"STM-1 SPE(155M)","有效数据","AAL数量: 335987296字节, 比例: 1.23%","AAL1数量: 228144000字节, 比例: 67.90%","0000: 0152","(2013-1-14)AAL1的单时隙(带CAS)信号承载话音类型PCM U律",""," 数量：211387392字节, 比例：5.89%","",""
"STM-1 SPE(155M)","有效数据","AAL数量: 335987296字节, 比例: 1.23%","AAL1数量: 228144000字节, 比例: 67.90%","0000: 0156","(2013-1-14)AAL1的单时隙(带CAS)信号承载话音类型PCM U律",""," 数量：287831040字节, 比例：8.02%","",""
"STM-1 SPE(155M)","有效数据","AAL数量: 335987296字节, 比例: 1.23%","AAL1数量: 228144000字节, 比例: 67.90%","0000: 015A","(2013-1-14)AAL1的单时隙(带CAS)信号承载话音类型PCM U律",""," 数量：212889600字节, 比例：5.93%","",""
"STM-1 SPE(155M)","有效数据","AAL数量: 335987296字节, 比例: 1.23%","AAL1数量: 228144000字节, 比例: 67.90%","0000: 0154","(2013-1-14)AAL1的单时隙(带CAS)信号承载话音类型PCM U律",""," 数量：338033664字节, 比例：9.41%","",""
"STM-1 SPE(155M)","有效数据","AAL数量: 335987296字节, 比例: 1.23%","AAL1数量: 228144000字节, 比例: 67.90%","0000: 0155","(2013-1-14)AAL1的单时隙(带CAS)信号承载话音类型PCM U律",""," 数量：212398080字节, 比例：5.92%","",""
"STM-1 SPE(155M)","有效数据","AAL数量: 335987296字节, 比例: 1.23%","AAL1数量: 228144000字节, 比例: 67.90%","0000: 015E","(2013-1-14)AAL1的单时隙(带CAS)信号承载话音类型PCM U律",""," 数量：212763648字节, 比例：5.93%","",""
"STM-1 SPE(155M)","有效数据","AAL数量: 335987296字节, 比例: 1.23%","AAL1数量: 228144000字节, 比例: 67.90%","0000: 0153","(2013-1-14)AAL1的单时隙(带CAS)信号承载话音类型PCM U律",""," 数量：202927104字节, 比例：5.65%","",""
"STM-1 SPE(155M)","有效数据","AAL数量: 335987296字节, 比例: 1.23%","AAL1数量: 228144000字节, 比例: 67.90%","0000: 0158","(2013-1-14)AAL1的单时隙(带CAS)信号承载话音类型PCM U律",""," 数量：212579328字节, 比例：5.92%","",""
"STM-1 SPE(155M)","有效数据","AAL数量: 335987296字节, 比例: 1.23%","AAL1数量: 228144000字节, 比例: 67.90%","0000: 015D","(2013-1-14)AAL1的单时隙(带CAS)信号承载VBD类型",""," 数量：295173120字节, 比例：8.22%","",""
"STM-1 SPE(155M)","有效数据","AAL数量: 335987296字节, 比例: 1.23%","AAL1数量: 228144000字节, 比例: 67.90%","0000: 0157","(2013-1-14)AAL1的单时隙(带CAS)信号承载话音类型PCM U律",""," 数量：212889600字节, 比例：5.93%","",""
"STM-1 SPE(155M)","有效数据","AAL数量: 335987296字节, 比例: 1.23%","AAL1数量: 228144000字节, 比例: 67.90%","0000: 015F","(2013-1-14)AAL1的单时隙(带CAS)信号承载话音类型PCM U律",""," 数量：344404992字节, 比例：9.59%","",""
"STM-1 SPE(155M)","有效数据","AAL数量: 335987296字节, 比例: 1.23%","AAL1数量: 228144000字节, 比例: 67.90%","0000: 015C","(2013-1-14)AAL1的单时隙(带CAS)信号承载话音类型PCM U律",""," 数量：213006336字节, 比例：5.93%","",""
"STM-1 SPE(155M)","有效数据","AAL数量: 335987296字节, 比例: 1.23%","AAL1数量: 228144000字节, 比例: 67.90%","0000: 0160","(2013-1-14)AAL1的单时隙(带CAS)信号承载话音类型PCM U律",""," 数量：212877312字节, 比例：5.93%","",""
"STM-1 SPE(155M)","有效数据","AAL数量: 335987296字节, 比例: 1.23%","AAL1数量: 228144000字节, 比例: 67.90%","0000: 015B","(2013-1-14)AAL1的单时隙(带CAS)信号承载话音类型PCM U律",""," 数量：210041856字节, 比例：5.85%","",""
"STM-1 SPE(155M)","有效数据","AAL数量: 335987296字节, 比例: 1.23%","AAL1数量: 228144000字节, 比例: 67.90%","0000: 0159","(2013-1-14)AAL1的单时隙(带CAS)信号承载话音类型PCM U律",""," 数量：211319808字节, 比例：5.89%","",""
"STM-1 SPE(155M)","有效数据","AAL数量: 335987296字节, 比例: 1.23%","AAL1数量: 228144000字节, 比例: 67.90%","0000: 0152","(2013-1-14)AAL1的单时隙(带CAS)信号承载话音类型PCM U律",""," 数量：211387392字节, 比例：5.89%","",""
"STM-1 SPE(155M)","有效数据","AAL数量: 335987296字节, 比例: 1.23%","AAL1数量: 228144000字节, 比例: 67.90%","0000: 0156","(2013-1-14)AAL1的单时隙(带CAS)信号承载话音类型PCM U律",""," 数量：287831040字节, 比例：8.02%","",""
"STM-1 SPE(155M)","有效数据","AAL数量: 335987296字节, 比例: 1.23%","AAL1数量: 228144000字节, 比例: 67.90%","0000: 015A","(2013-1-14)AAL1的单时隙(带CAS)信号承载话音类型PCM U律",""," 数量：212889600字节, 比例：5.93%","",""
"STM-1 SPE(155M)","有效数据","AAL数量: 335987296字节, 比例: 1.23%","AAL1数量: 228144000字节, 比例: 67.90%","0000: 0154","(2013-1-14)AAL1的单时隙(带CAS)信号承载话音类型PCM U律",""," 数量：338033664字节, 比例：9.41%","",""
"STM-1 SPE(155M)","有效数据","AAL数量: 335987296字节, 比例: 1.23%","AAL1数量: 228144000字节, 比例: 67.90%","0000: 0155","(2013-1-14)AAL1的单时隙(带CAS)信号承载话音类型PCM U律",""," 数量：212398080字节, 比例：5.92%","",""
"STM-1 SPE(155M)","有效数据","AAL数量: 335987296字节, 比例: 1.23%","AAL1数量: 228144000字节, 比例: 67.90%","0000: 015E","(2013-1-14)AAL1的单时隙(带CAS)信号承载话音类型PCM U律",""," 数量：212763648字节, 比例：5.93%","",""
"STM-1 SPE(155M)","有效数据","AAL数量: 335987296字节, 比例: 1.23%","AAL1数量: 228144000字节, 比例: 67.90%","0000: 0153","(2013-1-14)AAL1的单时隙(带CAS)信号承载话音类型PCM U律",""," 数量：202927104字节, 比例：5.65%","",""
"STM-1 SPE(155M)","有效数据","AAL数量: 335987296字节, 比例: 1.23%","AAL1数量: 228144000字节, 比例: 67.90%","0000: 315E","(2013-1-15)AAL1的单时隙(带CAS)信号承载VBD类型",""," 数量：47834112字节, 比例：3.98%","",""
"STM-1 SPE(155M)","有效数据","AAL数量: 335987296字节, 比例: 1.23%","AAL1数量: 228144000字节, 比例: 67.90%","0000: 316E","(2013-1-15)AAL1的单时隙(带CAS)信号承载话音类型PCM U律",""," 数量：47956992字节, 比例：3.99%","",""
"STM-1 SPE(155M)","有效数据","AAL数量: 335987296字节, 比例: 1.23%","AAL1数量: 228144000字节, 比例: 67.90%","0000: 316B","(2013-1-15)AAL1的单时隙(带CAS)信号承载话音类型PCM U律",""," 数量：47901696字节, 比例：3.99%","",""
"STM-1 SPE(155M)","有效数据","AAL数量: 335987296字节, 比例: 1.23%","AAL1数量: 228144000字节, 比例: 67.90%","0000: 315A","(2013-1-15)AAL1的单时隙(带CAS)信号承载话音类型PCM U律",""," 数量：47966208字节, 比例：3.99%","",""
"STM-1 SPE(155M)","有效数据","AAL数量: 335987296字节, 比例: 1.23%","AAL1数量: 228144000字节, 比例: 67.90%","0000: 3161","(2013-1-15)AAL1的单时隙(带CAS)信号承载话音类型PCM U律",""," 数量：51056640字节, 比例：4.25%","",""
"STM-1 SPE(155M)","有效数据","AAL数量: 335987296字节, 比例: 1.23%","AAL1数量: 228144000字节, 比例: 67.90%","0000: 3158","(2013-1-15)AAL1的单时隙(带CAS)信号承载话音类型PCM U律",""," 数量：47877120字节, 比例：3.99%","",""
"STM-1 SPE(155M)","有效数据","AAL数量: 335987296字节, 比例: 1.23%","AAL1数量: 228144000字节, 比例: 67.90%","0000: 316C","(2013-1-15)AAL1的单时隙(带CAS)信号承载话音类型PCM U律",""," 数量：47907840字节, 比例：3.99%","",""
"STM-1 SPE(155M)","有效数据","AAL数量: 335987296字节, 比例: 1.23%","AAL1数量: 228144000字节, 比例: 67.90%","0000: 3169","(2013-1-15)AAL1的单时隙(带CAS)信号承载话音类型PCM U律",""," 数量：47619072字节, 比例：3.97%","",""
"STM-1 SPE(155M)","有效数据","AAL数量: 335987296字节, 比例: 1.23%","AAL1数量: 228144000字节, 比例: 67.90%","0000: 315B","(2013-1-15)AAL1的单时隙(带CAS)信号承载话音类型PCM U律",""," 数量：47812608字节, 比例：3.98%","",""
"STM-1 SPE(155M)","有效数据","AAL数量: 335987296字节, 比例: 1.23%","AAL1数量: 228144000字节, 比例: 67.90%","0000: 316D","(2013-1-15)AAL1的单时隙(带CAS)信号承载话音类型PCM U律",""," 数量：47824896字节, 比例：3.98%","",""
"STM-1 SPE(155M)","有效数据","AAL数量: 335987296字节, 比例: 1.23%","AAL1数量: 228144000字节, 比例: 67.90%","0000: 314F","(2013-1-15)AAL1的单时隙(带CAS)信号承载话音类型PCM U律",""," 数量：47917056字节, 比例：3.99%","",""
"STM-1 SPE(155M)","有效数据","AAL数量: 335987296字节, 比例: 1.23%","AAL1数量: 228144000字节, 比例: 67.90%","0000: 3165","(2013-1-15)AAL1的单时隙(带CAS)信号承载话音类型PCM A律",""," 数量：47791104字节, 比例：3.98%","",""
"STM-1 SPE(155M)","有效数据","AAL数量: 335987296字节, 比例: 1.23%","AAL1数量: 228144000字节, 比例: 67.90%","0000: 3151","(2013-1-15)AAL1的单时隙(带CAS)信号承载话音类型PCM U律",""," 数量：47901696字节, 比例：3.99%","",""
"STM-1 SPE(155M)","有效数据","AAL数量: 335987296字节, 比例: 1.23%","AAL1数量: 228144000字节, 比例: 67.90%","0000: 315D","(2013-1-15)AAL1的单时隙(带CAS)信号承载话音类型PCM U律",""," 数量：47754240字节, 比例：3.98%","",""
"STM-1 SPE(155M)","有效数据","AAL数量: 335987296字节, 比例: 1.23%","AAL1数量: 228144000字节, 比例: 67.90%","0000: 3163","(2013-1-15)AAL1的单时隙(带CAS)信号承载话音类型PCM U律",""," 数量：47751168字节, 比例：3.98%","",""
"STM-1 SPE(155M)","有效数据","AAL数量: 335987296字节, 比例: 1.23%","AAL1数量: 228144000字节, 比例: 67.90%","0000: 3159","(2013-1-15)AAL1的单时隙(带CAS)信号承载话音类型PCM U律",""," 数量：47486976字节, 比例：3.95%","",""
"STM-1 SPE(155M)","有效数据","AAL数量: 335987296字节, 比例: 1.23%","AAL1数量: 228144000字节, 比例: 67.90%","0000: 3156","(2013-1-15)AAL1的单时隙(带CAS)信号承载话音类型PCM U律",""," 数量：47855616字节, 比例：3.99%","",""
"STM-1 SPE(155M)","有效数据","AAL数量: 335987296字节, 比例: 1.23%","AAL1数量: 228144000字节, 比例: 67.90%","0000: 3157","(2013-1-15)AAL1的单时隙(带CAS)信号承载话音类型PCM U律",""," 数量：47655936字节, 比例：3.97%","",""
"STM-1 SPE(155M)","有效数据","AAL数量: 335987296字节, 比例: 1.23%","AAL1数量: 228144000字节, 比例: 67.90%","0000: 315C","(2013-1-15)AAL1的单时隙(带CAS)信号承载话音类型PCM U律",""," 数量：47603712字节, 比例：3.96%","",""
"STM-1 SPE(155M)","有效数据","AAL数量: 335987296字节, 比例: 1.23%","AAL1数量: 228144000字节, 比例: 67.90%","0000: 315F","(2013-1-15)AAL1的单时隙(带CAS)信号承载话音类型PCM U律",""," 数量：50820096字节, 比例：4.23%","",""
"STM-1 SPE(155M)","有效数据","AAL数量: 335987296字节, 比例: 1.23%","AAL1数量: 228144000字节, 比例: 67.90%","0000: 3168","(2013-1-15)AAL1的单时隙(带CAS)信号承载话音类型PCM U律",""," 数量：47821824字节, 比例：3.98%","",""
"STM-1 SPE(155M)","有效数据","AAL数量: 335987296字节, 比例: 1.23%","AAL1数量: 228144000字节, 比例: 67.90%","0000: 3166","(2013-1-15)AAL1的单时隙(带CAS)信号承载话音类型PCM U律",""," 数量：47757312字节, 比例：3.98%","",""
"STM-1 SPE(155M)","有效数据","AAL数量: 335987296字节, 比例: 1.23%","AAL1数量: 228144000字节, 比例: 67.90%","0000: 3162","(2013-1-15)AAL1的单时隙(带CAS)信号承载话音类型PCM U律",""," 数量：47689728字节, 比例：3.97%","",""
"STM-1 SPE(155M)","有效数据","AAL数量: 335987296字节, 比例: 1.23%","AAL1数量: 228144000字节, 比例: 67.90%","0000: 314D","(2013-1-15)AAL1的单时隙(带CAS)信号承载话音类型PCM U律",""," 数量：47554560字节, 比例：3.96%","",""
"STM-1 SPE(155M)","有效数据","AAL数量: 335987296字节, 比例: 1.23%","AAL1数量: 228144000字节, 比例: 67.90%","0000: 316A","(2013-1-15)AAL1的单时隙(带CAS)信号承载话音类型PCM U律",""," 数量：47741952字节, 比例：3.98%","",""
"STM-1 SPE(155M)","有效数据","AAL数量: 335987296字节, 比例: 1.23%","AAL1数量: 228144000字节, 比例: 67.90%","0000: 315E","(2013-1-15)AAL1的单时隙(带CAS)信号承载VBD类型",""," 数量：47834112字节, 比例：3.98%","",""
"STM-1 SPE(155M)","有效数据","AAL数量: 335987296字节, 比例: 1.23%","AAL1数量: 228144000字节, 比例: 67.90%","0000: 316E","(2013-1-15)AAL1的单时隙(带CAS)信号承载话音类型PCM U律",""," 数量：47956992字节, 比例：3.99%","",""
"STM-1 SPE(155M)","有效数据","AAL数量: 335987296字节, 比例: 1.23%","AAL1数量: 228144000字节, 比例: 67.90%","0000: 316B","(2013-1-15)AAL1的单时隙(带CAS)信号承载话音类型PCM U律",""," 数量：47901696字节, 比例：3.99%","",""
"STM-1 SPE(155M)","有效数据","AAL数量: 335987296字节, 比例: 1.23%","AAL1数量: 228144000字节, 比例: 67.90%","0000: 315A","(2013-1-15)AAL1的单时隙(带CAS)信号承载话音类型PCM U律",""," 数量：47966208字节, 比例：3.99%","",""
"STM-1 SPE(155M)","有效数据","AAL数量: 335987296字节, 比例: 1.23%","AAL1数量: 228144000字节, 比例: 67.90%","0000: 3161","(2013-1-15)AAL1的单时隙(带CAS)信号承载话音类型PCM U律",""," 数量：51056640字节, 比例：4.25%","",""
"STM-1 SPE(155M)","有效数据","AAL数量: 335987296字节, 比例: 1.23%","AAL1数量: 228144000字节, 比例: 67.90%","0000: 3158","(2013-1-15)AAL1的单时隙(带CAS)信号承载话音类型PCM U律",""," 数量：47877120字节, 比例：3.99%","",""
"STM-1 SPE(155M)","有效数据","AAL数量: 335987296字节, 比例: 1.23%","AAL1数量: 228144000字节, 比例: 67.90%","0000: 316C","(2013-1-15)AAL1的单时隙(带CAS)信号承载话音类型PCM U律",""," 数量：47907840字节, 比例：3.99%","",""
"STM-1 SPE(155M)","有效数据","AAL数量: 335987296字节, 比例: 1.23%","AAL1数量: 228144000字节, 比例: 67.90%","0000: 3169","(2013-1-15)AAL1的单时隙(带CAS)信号承载话音类型PCM U律",""," 数量：47619072字节, 比例：3.97%","",""
"STM-1 SPE(155M)","有效数据","AAL数量: 335987296字节, 比例: 1.23%","AAL1数量: 228144000字节, 比例: 67.90%","0000: 315B","(2013-1-15)AAL1的单时隙(带CAS)信号承载话音类型PCM U律",""," 数量：47812608字节, 比例：3.98%","",""
"STM-1 SPE(155M)","有效数据","AAL数量: 335987296字节, 比例: 1.23%","AAL1数量: 228144000字节, 比例: 67.90%","0000: 316D","(2013-1-15)AAL1的单时隙(带CAS)信号承载话音类型PCM U律",""," 数量：47824896字节, 比例：3.98%","",""
"STM-1 SPE(155M)","有效数据","AAL数量: 335987296字节, 比例: 1.23%","AAL1数量: 228144000字节, 比例: 67.90%","0000: 314F","(2013-1-15)AAL1的单时隙(带CAS)信号承载话音类型PCM U律",""," 数量：47917056字节, 比例：3.99%","",""
"STM-1 SPE(155M)","有效数据","AAL数量: 335987296字节, 比例: 1.23%","AAL1数量: 228144000字节, 比例: 67.90%","0000: 3165","(2013-1-15)AAL1的单时隙(带CAS)信号承载话音类型PCM A律",""," 数量：47791104字节, 比例：3.98%","",""
"STM-1 SPE(155M)","有效数据","AAL数量: 335987296字节, 比例: 1.23%","AAL1数量: 228144000字节, 比例: 67.90%","0000: 3151","(2013-1-15)AAL1的单时隙(带CAS)信号承载话音类型PCM U律",""," 数量：47901696字节, 比例：3.99%","",""
"STM-1 SPE(155M)","有效数据","AAL数量: 335987296字节, 比例: 1.23%","AAL1数量: 228144000字节, 比例: 67.90%","0000: 315D","(2013-1-15)AAL1的单时隙(带CAS)信号承载话音类型PCM U律",""," 数量：47754240字节, 比例：3.98%","",""
"STM-1 SPE(155M)","有效数据","AAL数量: 335987296字节, 比例: 1.23%","AAL1数量: 228144000字节, 比例: 67.90%","0000: 3163","(2013-1-15)AAL1的单时隙(带CAS)信号承载话音类型PCM U律",""," 数量：47751168字节, 比例：3.98%","",""
"STM-1 SPE(155M)","有效数据","AAL数量: 335987296字节, 比例: 1.23%","AAL1数量: 228144000字节, 比例: 67.90%","0000: 3159","(2013-1-15)AAL1的单时隙(带CAS)信号承载话音类型PCM U律",""," 数量：47486976字节, 比例：3.95%","",""
"STM-1 SPE(155M)","有效数据","AAL数量: 335987296字节, 比例: 1.23%","AAL1数量: 228144000字节, 比例: 67.90%","0000: 3156","(2013-1-15)AAL1的单时隙(带CAS)信号承载话音类型PCM U律",""," 数量：47855616字节, 比例：3.99%","",""
"STM-1 SPE(155M)","有效数据","AAL数量: 335987296字节, 比例: 1.23%","AAL1数量: 228144000字节, 比例: 67.90%","0000: 3157","(2013-1-15)AAL1的单时隙(带CAS)信号承载话音类型PCM U律",""," 数量：47655936字节, 比例：3.97%","",""
"STM-1 SPE(155M)","有效数据","AAL数量: 335987296字节, 比例: 1.23%","AAL1数量: 228144000字节, 比例: 67.90%","0000: 315C","(2013-1-15)AAL1的单时隙(带CAS)信号承载话音类型PCM U律",""," 数量：47603712字节, 比例：3.96%","",""
"STM-1 SPE(155M)","有效数据","AAL数量: 335987296字节, 比例: 1.23%","AAL1数量: 228144000字节, 比例: 67.90%","0000: 315F","(2013-1-15)AAL1的单时隙(带CAS)信号承载话音类型PCM U律",""," 数量：50820096字节, 比例：4.23%","",""
"STM-1 SPE(155M)","有效数据","AAL数量: 335987296字节, 比例: 1.23%","AAL1数量: 228144000字节, 比例: 67.90%","0000: 3168","(2013-1-15)AAL1的单时隙(带CAS)信号承载话音类型PCM U律",""," 数量：47821824字节, 比例：3.98%","",""
"STM-1 SPE(155M)","有效数据","AAL数量: 335987296字节, 比例: 1.23%","AAL1数量: 228144000字节, 比例: 67.90%","0000: 3166","(2013-1-15)AAL1的单时隙(带CAS)信号承载话音类型PCM U律",""," 数量：47757312字节, 比例：3.98%","",""
"STM-1 SPE(155M)","有效数据","AAL数量: 335987296字节, 比例: 1.23%","AAL1数量: 228144000字节, 比例: 67.90%","0000: 3162","(2013-1-15)AAL1的单时隙(带CAS)信号承载话音类型PCM U律",""," 数量：47689728字节, 比例：3.97%","",""
"STM-1 SPE(155M)","有效数据","AAL数量: 335987296字节, 比例: 1.23%","AAL1数量: 228144000字节, 比例: 67.90%","0000: 314D","(2013-1-15)AAL1的单时隙(带CAS)信号承载话音类型PCM U律",""," 数量：47554560字节, 比例：3.96%","",""
"STM-1 SPE(155M)","有效数据","AAL数量: 335987296字节, 比例: 1.23%","AAL1数量: 228144000字节, 比例: 67.90%","0000: 316A","(2013-1-15)AAL1的单时隙(带CAS)信号承载话音类型PCM U律",""," 数量：47741952字节, 比例：3.98%","",""
"STM-1 SPE(155M)","有效数据","AAL数量: 335987296字节, 比例: 1.23%","AAL2数量: 107843296字节, 比例: 32.10%","0000: 0976; CID编号: 11","(2013-1-1)标准AAL2; CID承载业务G729","","数量：1232616字节, 比例：17.72% ","",""
"STM-1 SPE(155M)","有效数据","AAL数量: 335987296字节, 比例: 1.23%","AAL2数量: 107843296字节, 比例: 32.10%","0000: 06C4; CID编号: 11","(2013-1-1)标准AAL2; CID承载业务G729","","数量：1226768字节, 比例：17.63% ","",""
"STM-1 SPE(155M)","有效数据","AAL数量: 335987296字节, 比例: 1.23%","AAL2数量: 107843296字节, 比例: 32.10%","0000: 0975; CID编号: 11","(2013-1-1)标准AAL2; CID承载业务G729","","数量：1234944字节, 比例：17.75% ","",""
"STM-1 SPE(155M)","有效数据","AAL数量: 335987296字节, 比例: 1.23%","AAL2数量: 107843296字节, 比例: 32.10%","0000: 0976; CID编号: 11","(2013-1-1)标准AAL2; CID承载业务G729","","数量：1232616字节, 比例：17.72% ","",""
"STM-1 SPE(155M)","有效数据","AAL数量: 335987296字节, 比例: 1.23%","AAL2数量: 107843296字节, 比例: 32.10%","0000: 06C4; CID编号: 11","(2013-1-1)标准AAL2; CID承载业务G729","","数量：1226768字节, 比例：17.63% ","",""
"STM-1 SPE(155M)","有效数据","AAL数量: 335987296字节, 比例: 1.23%","AAL2数量: 107843296字节, 比例: 32.10%","0000: 0975; CID编号: 11","(2013-1-1)标准AAL2; CID承载业务G729","","数量：1234944字节, 比例：17.75% ","",""
"STM-1 SPE(155M)","有效数据","AAL数量: 335987296字节, 比例: 1.23%","AAL2数量: 107843296字节, 比例: 32.10%","0000: 20E2; CID编号: 11","(2013-1-14)标准AAL2; CID承载业务G729","","数量：17194304字节, 比例：1.44% ","",""
"STM-1 SPE(155M)","有效数据","AAL数量: 335987296字节, 比例: 1.23%","AAL2数量: 107843296字节, 比例: 32.10%","0000: 20E1; CID编号: 11","(2013-1-14)标准AAL2; CID承载业务G729","","数量：15456494字节, 比例：1.30% ","",""
"STM-1 SPE(155M)","有效数据","AAL数量: 335987296字节, 比例: 1.23%","AAL2数量: 107843296字节, 比例: 32.10%","0000: 20E1; CID编号: 12","(2013-1-14)标准AAL2; CID承载业务G729","","数量：15667128字节, 比例：1.32% ","",""
"STM-1 SPE(155M)","有效数据","AAL数量: 335987296字节, 比例: 1.23%","AAL2数量: 107843296字节, 比例: 32.10%","0000: 20E1; CID编号: 13","(2013-1-14)标准AAL2; CID承载业务G729","","数量：15557078字节, 比例：1.31% ","",""
"STM-1 SPE(155M)","有效数据","AAL数量: 335987296字节, 比例: 1.23%","AAL2数量: 107843296字节, 比例: 32.10%","0000: 20E1; CID编号: 14","(2013-1-14)标准AAL2; CID承载业务G729","","数量：15539754字节, 比例：1.31% ","",""
"STM-1 SPE(155M)","有效数据","AAL数量: 335987296字节, 比例: 1.23%","AAL2数量: 107843296字节, 比例: 32.10%","0000: 20E0; CID编号: 11","(2013-1-14)标准AAL2; CID承载业务G711PCM A律","","数量：115645892字节, 比例：9.72% ","",""
"STM-1 SPE(155M)","有效数据","AAL数量: 335987296字节, 比例: 1.23%","AAL2数量: 107843296字节, 比例: 32.10%","0000: 2320; CID编号: 11","(2013-1-14)标准AAL2; CID承载业务G711 PCM U律","","数量：171852468字节, 比例：14.44% ","",""
"STM-1 SPE(155M)","有效数据","AAL数量: 335987296字节, 比例: 1.23%","AAL2数量: 107843296字节, 比例: 32.10%","0000: 20DF; CID编号: 11","(2013-1-14)标准AAL2; CID承载业务G711 PCM U律","","数量：115493788字节, 比例：9.70% ","",""
"STM-1 SPE(155M)","有效数据","AAL数量: 335987296字节, 比例: 1.23%","AAL2数量: 107843296字节, 比例: 32.10%","0000: 231F; CID编号: 11","(2013-1-14)标准AAL2; CID承载业务G729","","数量：17174498字节, 比例：1.44% ","",""
"STM-1 SPE(155M)","有效数据","AAL数量: 335987296字节, 比例: 1.23%","AAL2数量: 107843296字节, 比例: 32.10%","0000: 231E; CID编号: 11","(2013-1-14)标准AAL2; CID承载业务G711 PCM U律","","数量：115387312字节, 比例：9.69% ","",""
"STM-1 SPE(155M)","有效数据","AAL数量: 335987296字节, 比例: 1.23%","AAL2数量: 107843296字节, 比例: 32.10%","0000: 231A; CID编号: 11","(2013-1-14)标准AAL2; CID承载业务G729","","数量：20052534字节, 比例：1.68% ","",""
"STM-1 SPE(155M)","有效数据","AAL数量: 335987296字节, 比例: 1.23%","AAL2数量: 107843296字节, 比例: 32.10%","0000: 231D; CID编号: 11","(2013-1-14)标准AAL2; CID承载业务G729","","数量：17154164字节, 比例：1.44% ","",""
"STM-1 SPE(155M)","有效数据","AAL数量: 335987296字节, 比例: 1.23%","AAL2数量: 107843296字节, 比例: 32.10%","0000: 1E03; CID编号: 11","(2013-1-14)标准AAL2; CID承载业务G729","","数量：19868334字节, 比例：1.67% ","",""
"STM-1 SPE(155M)","有效数据","AAL数量: 335987296字节, 比例: 1.23%","AAL2数量: 107843296字节, 比例: 32.10%","0000: 231C; CID编号: 11","(2013-1-14)标准AAL2; CID承载业务G729","","数量：17214522字节, 比例：1.45% ","",""
"STM-1 SPE(155M)","有效数据","AAL数量: 335987296字节, 比例: 1.23%","AAL2数量: 107843296字节, 比例: 32.10%","0000: 20E2; CID编号: 11","(2013-1-14)标准AAL2; CID承载业务G729","","数量：17194304字节, 比例：1.44% ","",""
"STM-1 SPE(155M)","有效数据","AAL数量: 335987296字节, 比例: 1.23%","AAL2数量: 107843296字节, 比例: 32.10%","0000: 20E1; CID编号: 11","(2013-1-14)标准AAL2; CID承载业务G729","","数量：15456494字节, 比例：1.30% ","",""
"STM-1 SPE(155M)","有效数据","AAL数量: 335987296字节, 比例: 1.23%","AAL2数量: 107843296字节, 比例: 32.10%","0000: 20E1; CID编号: 12","(2013-1-14)标准AAL2; CID承载业务G729","","数量：15667128字节, 比例：1.32% ","",""
"STM-1 SPE(155M)","有效数据","AAL数量: 335987296字节, 比例: 1.23%","AAL2数量: 107843296字节, 比例: 32.10%","0000: 20E1; CID编号: 13","(2013-1-14)标准AAL2; CID承载业务G729","","数量：15557078字节, 比例：1.31% ","",""
"STM-1 SPE(155M)","有效数据","AAL数量: 335987296字节, 比例: 1.23%","AAL2数量: 107843296字节, 比例: 32.10%","0000: 20E1; CID编号: 14","(2013-1-14)标准AAL2; CID承载业务G729","","数量：15539754字节, 比例：1.31% ","",""
"STM-1 SPE(155M)","有效数据","AAL数量: 335987296字节, 比例: 1.23%","AAL2数量: 107843296字节, 比例: 32.10%","0000: 20E0; CID编号: 11","(2013-1-14)标准AAL2; CID承载业务G711PCM A律","","数量：115645892字节, 比例：9.72% ","",""
"STM-1 SPE(155M)","有效数据","AAL数量: 335987296字节, 比例: 1.23%","AAL2数量: 107843296字节, 比例: 32.10%","0000: 2320; CID编号: 11","(2013-1-14)标准AAL2; CID承载业务G711 PCM U律","","数量：171852468字节, 比例：14.44% ","",""
"STM-1 SPE(155M)","有效数据","AAL数量: 335987296字节, 比例: 1.23%","AAL2数量: 107843296字节, 比例: 32.10%","0000: 20DF; CID编号: 11","(2013-1-14)标准AAL2; CID承载业务G711 PCM U律","","数量：115493788字节, 比例：9.70% ","",""
"STM-1 SPE(155M)","有效数据","AAL数量: 335987296字节, 比例: 1.23%","AAL2数量: 107843296字节, 比例: 32.10%","0000: 231F; CID编号: 11","(2013-1-14)标准AAL2; CID承载业务G729","","数量：17174498字节, 比例：1.44% ","",""
"STM-1 SPE(155M)","有效数据","AAL数量: 335987296字节, 比例: 1.23%","AAL2数量: 107843296字节, 比例: 32.10%","0000: 231E; CID编号: 11","(2013-1-14)标准AAL2; CID承载业务G711 PCM U律","","数量：115387312字节, 比例：9.69% ","",""
"STM-1 SPE(155M)","有效数据","AAL数量: 335987296字节, 比例: 1.23%","AAL2数量: 107843296字节, 比例: 32.10%","0000: 231A; CID编号: 11","(2013-1-14)标准AAL2; CID承载业务G729","","数量：20052534字节, 比例：1.68% ","",""
"STM-1 SPE(155M)","有效数据","AAL数量: 335987296字节, 比例: 1.23%","AAL2数量: 107843296字节, 比例: 32.10%","0000: 231D; CID编号: 11","(2013-1-14)标准AAL2; CID承载业务G729","","数量：17154164字节, 比例：1.44% ","",""
"STM-1 SPE(155M)","有效数据","AAL数量: 335987296字节, 比例: 1.23%","AAL2数量: 107843296字节, 比例: 32.10%","0000: 1E03; CID编号: 11","(2013-1-14)标准AAL2; CID承载业务G729","","数量：19868334字节, 比例：1.67% ","",""
"STM-1 SPE(155M)","有效数据","AAL数量: 335987296字节, 比例: 1.23%","AAL2数量: 107843296字节, 比例: 32.10%","0000: 231C; CID编号: 11","(2013-1-14)标准AAL2; CID承载业务G729","","数量：17214522字节, 比例：1.45% ","",""
"STM-1 SPE(155M)","有效数据","AAL数量: 335987296字节, 比例: 1.23%","AAL2数量: 107843296字节, 比例: 32.10%","0000: 3167; CID编号: 11","(2013-1-15)标准AAL2; CID承载业务G711 PCM U律","","数量：32540740字节, 比例：2.44% ","",""
"STM-1 SPE(155M)","有效数据","AAL数量: 335987296字节, 比例: 1.23%","AAL2数量: 107843296字节, 比例: 32.10%","0000: 3167; CID编号: 12","(2013-1-15)标准AAL2; CID承载业务G711 PCM U律","","数量：32697492字节, 比例：2.45% ","",""
"STM-1 SPE(155M)","有效数据","AAL数量: 335987296字节, 比例: 1.23%","AAL2数量: 107843296字节, 比例: 32.10%","0000: 3167; CID编号: 13","(2013-1-15)标准AAL2; CID承载业务G711 PCM U律","","数量：32674616字节, 比例：2.45% ","",""
"STM-1 SPE(155M)","有效数据","AAL数量: 335987296字节, 比例: 1.23%","AAL2数量: 107843296字节, 比例: 32.10%","0000: 3167; CID编号: 14","(2013-1-15)标准AAL2; CID承载业务G711 PCM U律","","数量：32673152字节, 比例：2.45% ","",""
"STM-1 SPE(155M)","有效数据","AAL数量: 335987296字节, 比例: 1.23%","AAL2数量: 107843296字节, 比例: 32.10%","0000: 3167; CID编号: 15","(2013-1-15)标准AAL2; CID承载业务G711 PCM U律","","数量：32845368字节, 比例：2.46% ","",""
"STM-1 SPE(155M)","有效数据","AAL数量: 335987296字节, 比例: 1.23%","AAL2数量: 107843296字节, 比例: 32.10%","0000: 3167; CID编号: 16","(2013-1-15)标准AAL2; CID承载业务G711 PCM U律","","数量：32858380字节, 比例：2.46% ","",""
"STM-1 SPE(155M)","有效数据","AAL数量: 335987296字节, 比例: 1.23%","AAL2数量: 107843296字节, 比例: 32.10%","0000: 3167; CID编号: 17","(2013-1-15)标准AAL2; CID承载业务G711 PCM U律","","数量：32859072字节, 比例：2.46% ","",""
"STM-1 SPE(155M)","有效数据","AAL数量: 335987296字节, 比例: 1.23%","AAL2数量: 107843296字节, 比例: 32.10%","0000: 3167; CID编号: 18","(2013-1-15)标准AAL2; CID承载业务G711 PCM U律","","数量：32829216字节, 比例：2.46% ","",""
"STM-1 SPE(155M)","有效数据","AAL数量: 335987296字节, 比例: 1.23%","AAL2数量: 107843296字节, 比例: 32.10%","0000: 3167; CID编号: 19","(2013-1-15)标准AAL2; CID承载业务G711 PCM U律","","数量：32841216字节, 比例：2.46% ","",""
"STM-1 SPE(155M)","有效数据","AAL数量: 335987296字节, 比例: 1.23%","AAL2数量: 107843296字节, 比例: 32.10%","0000: 3167; CID编号: 20","(2013-1-15)标准AAL2; CID承载业务G711 PCM U律","","数量：32786008字节, 比例：2.46% ","",""
"STM-1 SPE(155M)","有效数据","AAL数量: 335987296字节, 比例: 1.23%","AAL2数量: 107843296字节, 比例: 32.10%","0000: 3167; CID编号: 21","(2013-1-15)标准AAL2; CID承载业务G711 PCM U律","","数量：32871784字节, 比例：2.46% ","",""
"STM-1 SPE(155M)","有效数据","AAL数量: 335987296字节, 比例: 1.23%","AAL2数量: 107843296字节, 比例: 32.10%","0000: 3167; CID编号: 22","(2013-1-15)标准AAL2; CID承载业务G711 PCM U律","","数量：32839932字节, 比例：2.46% ","",""
"STM-1 SPE(155M)","有效数据","AAL数量: 335987296字节, 比例: 1.23%","AAL2数量: 107843296字节, 比例: 32.10%","0000: 3167; CID编号: 23","(2013-1-15)标准AAL2; CID承载业务G711 PCM U律","","数量：32834740字节, 比例：2.46% ","",""
"STM-1 SPE(155M)","有效数据","AAL数量: 335987296字节, 比例: 1.23%","AAL2数量: 107843296字节, 比例: 32.10%","0000: 3167; CID编号: 24","(2013-1-15)标准AAL2; CID承载业务G711 PCM U律","","数量：32855516字节, 比例：2.46% ","",""
"STM-1 SPE(155M)","有效数据","AAL数量: 335987296字节, 比例: 1.23%","AAL2数量: 107843296字节, 比例: 32.10%","0000: 3167; CID编号: 25","(2013-1-15)标准AAL2; CID承载业务G711 PCM U律","","数量：32887124字节, 比例：2.46% ","",""
"STM-1 SPE(155M)","有效数据","AAL数量: 335987296字节, 比例: 1.23%","AAL2数量: 107843296字节, 比例: 32.10%","0000: 3167; CID编号: 26","(2013-1-15)标准AAL2; CID承载业务G711 PCM U律","","数量：32853024字节, 比例：2.46% ","",""
"STM-1 SPE(155M)","有效数据","AAL数量: 335987296字节, 比例: 1.23%","AAL2数量: 107843296字节, 比例: 32.10%","0000: 3167; CID编号: 27","(2013-1-15)标准AAL2; CID承载业务G711 PCM U律","","数量：32960604字节, 比例：2.47% ","",""
"STM-1 SPE(155M)","有效数据","AAL数量: 335987296字节, 比例: 1.23%","AAL2数量: 107843296字节, 比例: 32.10%","0000: 3167; CID编号: 28","(2013-1-15)标准AAL2; CID承载业务G711 PCM U律","","数量：33011704字节, 比例：2.47% ","",""
"STM-1 SPE(155M)","有效数据","AAL数量: 335987296字节, 比例: 1.23%","AAL2数量: 107843296字节, 比例: 32.10%","0000: 3167; CID编号: 29","(2013-1-15)标准AAL2; CID承载业务G711 PCM U律","","数量：33023964字节, 比例：2.47% ","",""
"STM-1 SPE(155M)","有效数据","AAL数量: 335987296字节, 比例: 1.23%","AAL2数量: 107843296字节, 比例: 32.10%","0000: 3167; CID编号: 30","(2013-1-15)标准AAL2; CID承载业务G711 PCM U律","","数量：33026952字节, 比例：2.48% ","",""
"STM-1 SPE(155M)","有效数据","AAL数量: 335987296字节, 比例: 1.23%","AAL2数量: 107843296字节, 比例: 32.10%","0000: 3167; CID编号: 31","(2013-1-15)标准AAL2; CID承载业务G711 PCM U律","","数量：33023176字节, 比例：2.47% ","",""
"STM-1 SPE(155M)","有效数据","AAL数量: 335987296字节, 比例: 1.23%","AAL2数量: 107843296字节, 比例: 32.10%","0000: 3167; CID编号: 32","(2013-1-15)标准AAL2; CID承载业务G711 PCM U律","","数量：32489568字节, 比例：2.43% ","",""
"STM-1 SPE(155M)","有效数据","AAL数量: 335987296字节, 比例: 1.23%","AAL2数量: 107843296字节, 比例: 32.10%","0000: 3167; CID编号: 33","(2013-1-15)标准AAL2; CID承载业务G711 PCM U律","","数量：32338204字节, 比例：2.42% ","",""
"STM-1 SPE(155M)","有效数据","AAL数量: 335987296字节, 比例: 1.23%","AAL2数量: 107843296字节, 比例: 32.10%","0000: 3167; CID编号: 34","(2013-1-15)标准AAL2; CID承载业务G711 PCM U律","","数量：32350224字节, 比例：2.42% ","",""
"STM-1 SPE(155M)","有效数据","AAL数量: 335987296字节, 比例: 1.23%","AAL2数量: 107843296字节, 比例: 32.10%","0000: 3160; CID编号: 11","(2013-1-15)标准AAL2; CID承载业务G729","","数量：4593368字节, 比例：0.34% ","",""
"STM-1 SPE(155M)","有效数据","AAL数量: 335987296字节, 比例: 1.23%","AAL2数量: 107843296字节, 比例: 32.10%","0000: 231D; CID编号: 11","(2013-1-15)标准AAL2; CID承载业务G729","","数量：4519414字节, 比例：0.34% ","",""
"STM-1 SPE(155M)","有效数据","AAL数量: 335987296字节, 比例: 1.23%","AAL2数量: 107843296字节, 比例: 32.10%","0000: 20DF; CID编号: 11","(2013-1-15)标准AAL2; CID承载业务G711 PCM U律","","数量：32068296字节, 比例：2.40% ","",""
"STM-1 SPE(155M)","有效数据","AAL数量: 335987296字节, 比例: 1.23%","AAL2数量: 107843296字节, 比例: 32.10%","0000: 20E0; CID编号: 11","(2013-1-15)标准AAL2; CID承载业务G711PCM A律","","数量：33290380字节, 比例：2.49% ","",""
"STM-1 SPE(155M)","有效数据","AAL数量: 335987296字节, 比例: 1.23%","AAL2数量: 107843296字节, 比例: 32.10%","0000: 231A; CID编号: 11","(2013-1-15)标准AAL2; CID承载业务G729","","数量：4527606字节, 比例：0.34% ","",""
"STM-1 SPE(155M)","有效数据","AAL数量: 335987296字节, 比例: 1.23%","AAL2数量: 107843296字节, 比例: 32.10%","0000: 2320; CID编号: 11","(2013-1-15)标准AAL2; CID承载业务G711 PCM U律","","数量：33184324字节, 比例：2.49% ","",""
"STM-1 SPE(155M)","有效数据","AAL数量: 335987296字节, 比例: 1.23%","AAL2数量: 107843296字节, 比例: 32.10%","0000: 231E; CID编号: 11","(2013-1-15)标准AAL2; CID承载业务G711 PCM U律","","数量：32107788字节, 比例：2.41% ","",""
"STM-1 SPE(155M)","有效数据","AAL数量: 335987296字节, 比例: 1.23%","AAL2数量: 107843296字节, 比例: 32.10%","0000: 231C; CID编号: 11","(2013-1-15)标准AAL2; CID承载业务G729","","数量：4517974字节, 比例：0.34% ","",""
"STM-1 SPE(155M)","有效数据","AAL数量: 335987296字节, 比例: 1.23%","AAL2数量: 107843296字节, 比例: 32.10%","0000: 20E1; CID编号: 11","(2013-1-15)标准AAL2; CID承载业务G729","","数量：4680502字节, 比例：0.35% ","",""
"STM-1 SPE(155M)","有效数据","AAL数量: 335987296字节, 比例: 1.23%","AAL2数量: 107843296字节, 比例: 32.10%","0000: 20E1; CID编号: 12","(2013-1-15)标准AAL2; CID承载业务G729","","数量：4711264字节, 比例：0.35% ","",""
"STM-1 SPE(155M)","有效数据","AAL数量: 335987296字节, 比例: 1.23%","AAL2数量: 107843296字节, 比例: 32.10%","0000: 20E1; CID编号: 13","(2013-1-15)标准AAL2; CID承载业务G729","","数量：4695258字节, 比例：0.35% ","",""
"STM-1 SPE(155M)","有效数据","AAL数量: 335987296字节, 比例: 1.23%","AAL2数量: 107843296字节, 比例: 32.10%","0000: 20E1; CID编号: 14","(2013-1-15)标准AAL2; CID承载业务G729","","数量：4692614字节, 比例：0.35% ","",""
"STM-1 SPE(155M)","有效数据","AAL数量: 335987296字节, 比例: 1.23%","AAL2数量: 107843296字节, 比例: 32.10%","0000: 20E2; CID编号: 11","(2013-1-15)标准AAL2; CID承载业务G729","","数量：4520982字节, 比例：0.34% ","",""
"STM-1 SPE(155M)","有效数据","AAL数量: 335987296字节, 比例: 1.23%","AAL2数量: 107843296字节, 比例: 32.10%","0000: 3164; CID编号: 11","(2013-1-15)标准AAL2; CID承载业务G729","","数量：4510590字节, 比例：0.34% ","",""
"STM-1 SPE(155M)","有效数据","AAL数量: 335987296字节, 比例: 1.23%","AAL2数量: 107843296字节, 比例: 32.10%","0000: 231F; CID编号: 11","(2013-1-15)标准AAL2; CID承载业务G729","","数量：4508072字节, 比例：0.34% ","",""
"STM-1 SPE(155M)","有效数据","AAL数量: 335987296字节, 比例: 1.23%","AAL2数量: 107843296字节, 比例: 32.10%","0000: 3167; CID编号: 11","(2013-1-15)标准AAL2; CID承载业务G711 PCM U律","","数量：32540740字节, 比例：2.44% ","",""
"STM-1 SPE(155M)","有效数据","AAL数量: 335987296字节, 比例: 1.23%","AAL2数量: 107843296字节, 比例: 32.10%","0000: 3167; CID编号: 12","(2013-1-15)标准AAL2; CID承载业务G711 PCM U律","","数量：32697492字节, 比例：2.45% ","",""
"STM-1 SPE(155M)","有效数据","AAL数量: 335987296字节, 比例: 1.23%","AAL2数量: 107843296字节, 比例: 32.10%","0000: 3167; CID编号: 13","(2013-1-15)标准AAL2; CID承载业务G711 PCM U律","","数量：32674616字节, 比例：2.45% ","",""
"STM-1 SPE(155M)","有效数据","AAL数量: 335987296字节, 比例: 1.23%","AAL2数量: 107843296字节, 比例: 32.10%","0000: 3167; CID编号: 14","(2013-1-15)标准AAL2; CID承载业务G711 PCM U律","","数量：32673152字节, 比例：2.45% ","",""
"STM-1 SPE(155M)","有效数据","AAL数量: 335987296字节, 比例: 1.23%","AAL2数量: 107843296字节, 比例: 32.10%","0000: 3167; CID编号: 15","(2013-1-15)标准AAL2; CID承载业务G711 PCM U律","","数量：32845368字节, 比例：2.46% ","",""
"STM-1 SPE(155M)","有效数据","AAL数量: 335987296字节, 比例: 1.23%","AAL2数量: 107843296字节, 比例: 32.10%","0000: 3167; CID编号: 16","(2013-1-15)标准AAL2; CID承载业务G711 PCM U律","","数量：32858380字节, 比例：2.46% ","",""
"STM-1 SPE(155M)","有效数据","AAL数量: 335987296字节, 比例: 1.23%","AAL2数量: 107843296字节, 比例: 32.10%","0000: 3167; CID编号: 17","(2013-1-15)标准AAL2; CID承载业务G711 PCM U律","","数量：32859072字节, 比例：2.46% ","",""
"STM-1 SPE(155M)","有效数据","AAL数量: 335987296字节, 比例: 1.23%","AAL2数量: 107843296字节, 比例: 32.10%","0000: 3167; CID编号: 18","(2013-1-15)标准AAL2; CID承载业务G711 PCM U律","","数量：32829216字节, 比例：2.46% ","",""
"STM-1 SPE(155M)","有效数据","AAL数量: 335987296字节, 比例: 1.23%","AAL2数量: 107843296字节, 比例: 32.10%","0000: 3167; CID编号: 19","(2013-1-15)标准AAL2; CID承载业务G711 PCM U律","","数量：32841216字节, 比例：2.46% ","",""
"STM-1 SPE(155M)","有效数据","AAL数量: 335987296字节, 比例: 1.23%","AAL2数量: 107843296字节, 比例: 32.10%","0000: 3167; CID编号: 20","(2013-1-15)标准AAL2; CID承载业务G711 PCM U律","","数量：32786008字节, 比例：2.46% ","",""
"STM-1 SPE(155M)","有效数据","AAL数量: 335987296字节, 比例: 1.23%","AAL2数量: 107843296字节, 比例: 32.10%","0000: 3167; CID编号: 21","(2013-1-15)标准AAL2; CID承载业务G711 PCM U律","","数量：32871784字节, 比例：2.46% ","",""
"STM-1 SPE(155M)","有效数据","AAL数量: 335987296字节, 比例: 1.23%","AAL2数量: 107843296字节, 比例: 32.10%","0000: 3167; CID编号: 22","(2013-1-15)标准AAL2; CID承载业务G711 PCM U律","","数量：32839932字节, 比例：2.46% ","",""
"STM-1 SPE(155M)","有效数据","AAL数量: 335987296字节, 比例: 1.23%","AAL2数量: 107843296字节, 比例: 32.10%","0000: 3167; CID编号: 23","(2013-1-15)标准AAL2; CID承载业务G711 PCM U律","","数量：32834740字节, 比例：2.46% ","",""
"STM-1 SPE(155M)","有效数据","AAL数量: 335987296字节, 比例: 1.23%","AAL2数量: 107843296字节, 比例: 32.10%","0000: 3167; CID编号: 24","(2013-1-15)标准AAL2; CID承载业务G711 PCM U律","","数量：32855516字节, 比例：2.46% ","",""
"STM-1 SPE(155M)","有效数据","AAL数量: 335987296字节, 比例: 1.23%","AAL2数量: 107843296字节, 比例: 32.10%","0000: 3167; CID编号: 25","(2013-1-15)标准AAL2; CID承载业务G711 PCM U律","","数量：32887124字节, 比例：2.46% ","",""
"STM-1 SPE(155M)","有效数据","AAL数量: 335987296字节, 比例: 1.23%","AAL2数量: 107843296字节, 比例: 32.10%","0000: 3167; CID编号: 26","(2013-1-15)标准AAL2; CID承载业务G711 PCM U律","","数量：32853024字节, 比例：2.46% ","",""
"STM-1 SPE(155M)","有效数据","AAL数量: 335987296字节, 比例: 1.23%","AAL2数量: 107843296字节, 比例: 32.10%","0000: 3167; CID编号: 27","(2013-1-15)标准AAL2; CID承载业务G711 PCM U律","","数量：32960604字节, 比例：2.47% ","",""
"STM-1 SPE(155M)","有效数据","AAL数量: 335987296字节, 比例: 1.23%","AAL2数量: 107843296字节, 比例: 32.10%","0000: 3167; CID编号: 28","(2013-1-15)标准AAL2; CID承载业务G711 PCM U律","","数量：33011704字节, 比例：2.47% ","",""
"STM-1 SPE(155M)","有效数据","AAL数量: 335987296字节, 比例: 1.23%","AAL2数量: 107843296字节, 比例: 32.10%","0000: 3167; CID编号: 29","(2013-1-15)标准AAL2; CID承载业务G711 PCM U律","","数量：33023964字节, 比例：2.47% ","",""
"STM-1 SPE(155M)","有效数据","AAL数量: 335987296字节, 比例: 1.23%","AAL2数量: 107843296字节, 比例: 32.10%","0000: 3167; CID编号: 30","(2013-1-15)标准AAL2; CID承载业务G711 PCM U律","","数量：33026952字节, 比例：2.48% ","",""
"STM-1 SPE(155M)","有效数据","AAL数量: 335987296字节, 比例: 1.23%","AAL2数量: 107843296字节, 比例: 32.10%","0000: 3167; CID编号: 31","(2013-1-15)标准AAL2; CID承载业务G711 PCM U律","","数量：33023176字节, 比例：2.47% ","",""
"STM-1 SPE(155M)","有效数据","AAL数量: 335987296字节, 比例: 1.23%","AAL2数量: 107843296字节, 比例: 32.10%","0000: 3167; CID编号: 32","(2013-1-15)标准AAL2; CID承载业务G711 PCM U律","","数量：32489568字节, 比例：2.43% ","",""
"STM-1 SPE(155M)","有效数据","AAL数量: 335987296字节, 比例: 1.23%","AAL2数量: 107843296字节, 比例: 32.10%","0000: 3167; CID编号: 33","(2013-1-15)标准AAL2; CID承载业务G711 PCM U律","","数量：32338204字节, 比例：2.42% ","",""
"STM-1 SPE(155M)","有效数据","AAL数量: 335987296字节, 比例: 1.23%","AAL2数量: 107843296字节, 比例: 32.10%","0000: 3167; CID编号: 34","(2013-1-15)标准AAL2; CID承载业务G711 PCM U律","","数量：32350224字节, 比例：2.42% ","",""
"STM-1 SPE(155M)","有效数据","AAL数量: 335987296字节, 比例: 1.23%","AAL2数量: 107843296字节, 比例: 32.10%","0000: 3160; CID编号: 11","(2013-1-15)标准AAL2; CID承载业务G729","","数量：4593368字节, 比例：0.34% ","",""
"STM-1 SPE(155M)","有效数据","AAL数量: 335987296字节, 比例: 1.23%","AAL2数量: 107843296字节, 比例: 32.10%","0000: 231D; CID编号: 11","(2013-1-15)标准AAL2; CID承载业务G729","","数量：4519414字节, 比例：0.34% ","",""
"STM-1 SPE(155M)","有效数据","AAL数量: 335987296字节, 比例: 1.23%","AAL2数量: 107843296字节, 比例: 32.10%","0000: 20DF; CID编号: 11","(2013-1-15)标准AAL2; CID承载业务G711 PCM U律","","数量：32068296字节, 比例：2.40% ","",""
"STM-1 SPE(155M)","有效数据","AAL数量: 335987296字节, 比例: 1.23%","AAL2数量: 107843296字节, 比例: 32.10%","0000: 20E0; CID编号: 11","(2013-1-15)标准AAL2; CID承载业务G711PCM A律","","数量：33290380字节, 比例：2.49% ","",""
"STM-1 SPE(155M)","有效数据","AAL数量: 335987296字节, 比例: 1.23%","AAL2数量: 107843296字节, 比例: 32.10%","0000: 231A; CID编号: 11","(2013-1-15)标准AAL2; CID承载业务G729","","数量：4527606字节, 比例：0.34% ","",""
"STM-1 SPE(155M)","有效数据","AAL数量: 335987296字节, 比例: 1.23%","AAL2数量: 107843296字节, 比例: 32.10%","0000: 2320; CID编号: 11","(2013-1-15)标准AAL2; CID承载业务G711 PCM U律","","数量：33184324字节, 比例：2.49% ","",""
"STM-1 SPE(155M)","有效数据","AAL数量: 335987296字节, 比例: 1.23%","AAL2数量: 107843296字节, 比例: 32.10%","0000: 231E; CID编号: 11","(2013-1-15)标准AAL2; CID承载业务G711 PCM U律","","数量：32107788字节, 比例：2.41% ","",""
"STM-1 SPE(155M)","有效数据","AAL数量: 335987296字节, 比例: 1.23%","AAL2数量: 107843296字节, 比例: 32.10%","0000: 231C; CID编号: 11","(2013-1-15)标准AAL2; CID承载业务G729","","数量：4517974字节, 比例：0.34% ","",""
"STM-1 SPE(155M)","有效数据","AAL数量: 335987296字节, 比例: 1.23%","AAL2数量: 107843296字节, 比例: 32.10%","0000: 20E1; CID编号: 11","(2013-1-15)标准AAL2; CID承载业务G729","","数量：4680502字节, 比例：0.35% ","",""
"STM-1 SPE(155M)","有效数据","AAL数量: 335987296字节, 比例: 1.23%","AAL2数量: 107843296字节, 比例: 32.10%","0000: 20E1; CID编号: 12","(2013-1-15)标准AAL2; CID承载业务G729","","数量：4711264字节, 比例：0.35% ","",""
"STM-1 SPE(155M)","有效数据","AAL数量: 335987296字节, 比例: 1.23%","AAL2数量: 107843296字节, 比例: 32.10%","0000: 20E1; CID编号: 13","(2013-1-15)标准AAL2; CID承载业务G729","","数量：4695258字节, 比例：0.35% ","",""
"STM-1 SPE(155M)","有效数据","AAL数量: 335987296字节, 比例: 1.23%","AAL2数量: 107843296字节, 比例: 32.10%","0000: 20E1; CID编号: 14","(2013-1-15)标准AAL2; CID承载业务G729","","数量：4692614字节, 比例：0.35% ","",""
"STM-1 SPE(155M)","有效数据","AAL数量: 335987296字节, 比例: 1.23%","AAL2数量: 107843296字节, 比例: 32.10%","0000: 20E2; CID编号: 11","(2013-1-15)标准AAL2; CID承载业务G729","","数量：4520982字节, 比例：0.34% ","",""
"STM-1 SPE(155M)","有效数据","AAL数量: 335987296字节, 比例: 1.23%","AAL2数量: 107843296字节, 比例: 32.10%","0000: 3164; CID编号: 11","(2013-1-15)标准AAL2; CID承载业务G729","","数量：4510590字节, 比例：0.34% ","",""
"STM-1 SPE(155M)","有效数据","AAL数量: 335987296字节, 比例: 1.23%","AAL2数量: 107843296字节, 比例: 32.10%","0000: 231F; CID编号: 11","(2013-1-15)标准AAL2; CID承载业务G729","","数量：4508072字节, 比例：0.34% ","",""
"STM-1 SPE(155M)","空信元","空信元数量: 9735283742字节, 比例: 35.71%","","","","","","",""
"STM-1 SPE(155M)","无效数据","其他元数量: 17188324324字节, 比例: 63.05%","","","","","","",""
